{
  "circle2": {
    "r": 74.5977554321289,
    "innerCircle": false,
    "x": 318.27947998046875,
    "y": 527.263916015625,
    "angle": 1075.569580078125,
    "steps": 120,
    "speed": 0.009999999776482582
  },
  "circle0": {
    "r": 146.09202575683594,
    "innerCircle": true,
    "x": 450,
    "y": 450,
    "angle": 219.4923095703125,
    "steps": 49,
    "speed": 0.009999999776482582
  },
  "circle1": {
    "r": 29.527061462402344,
    "innerCircle": false,
    "x": 275.26092529296875,
    "y": 432.4410400390625,
    "angle": 1310.144287109375,
    "steps": 146,
    "speed": 0.009999999776482582
  }
}