{
  "settings": {"penDistance": 78.7606430053711},
  "circle2": {
    "r": 67.14244079589844,
    "innerCircle": false,
    "x": 525.4053955078125,
    "y": 410.550048828125,
    "angle": 1400.45947265625,
    "steps": 78,
    "speed": 0.009999999776482582
  },
  "circle3": {
    "r": 60.67887496948242,
    "innerCircle": false,
    "x": 413.8179931640625,
    "y": 348.2079162597656,
    "angle": 1580.7305908203125,
    "steps": 88,
    "speed": 0.009999999776482582
  },
  "circle0": {
    "r": 11.885104179382324,
    "innerCircle": true,
    "x": 450,
    "y": 450,
    "angle": 558.5372924804688,
    "steps": 62,
    "speed": 0.009999999776482582
  },
  "circle1": {
    "r": 50.83758544921875,
    "innerCircle": true,
    "x": 434.47772216796875,
    "y": 485.7261047363281,
    "angle": 1148.6619873046875,
    "steps": 64,
    "speed": 0.009999999776482582
  }
}