{
  "settings": {"penDistance": 49.118751525878906},
  "circle2": {
    "r": 165.42532348632812,
    "innerCircle": false,
    "x": 345.16278076171875,
    "y": 435.3910827636719,
    "angle": 875.6351318359375,
    "steps": 28,
    "speed": 0.009999999776482582,
    "ratio": -0.14682602882385254
  },
  "circle0": {
    "r": 60.74318313598633,
    "innerCircle": false,
    "x": 450,
    "y": 450,
    "angle": 544.6316528320312,
    "steps": 35,
    "speed": 0.009999999776482582,
    "ratio": 1.074476957321167
  },
  "circle1": {
    "r": 29.5669002532959,
    "innerCircle": false,
    "x": 534.5997314453125,
    "y": 481.6037292480469,
    "angle": 2620.6513671875,
    "steps": 84,
    "speed": 0.009999999776482582,
    "ratio": -1.4000422954559326
  }
}