{
  "settings": {"penDistance": -17.841064453125},
  "circle2": {
    "r": 82.2164306640625,
    "innerCircle": false,
    "x": 615.39599609375,
    "y": 468.5595397949219,
    "angle": 2355.547119140625,
    "steps": 146,
    "speed": 0.009999999776482582
  },
  "circle3": {
    "r": 84.22134399414062,
    "innerCircle": false,
    "x": 727.6038208007812,
    "y": 591.486083984375,
    "angle": 2633.485595703125,
    "steps": 163,
    "speed": 0.009999999776482582
  },
  "circle0": {
    "r": 167.68896484375,
    "innerCircle": false,
    "x": 450,
    "y": 450,
    "angle": 1164.8953857421875,
    "steps": 144,
    "speed": 0.009999999776482582
  },
  "circle1": {
    "r": 52.308998107910156,
    "innerCircle": true,
    "x": 508.08880615234375,
    "y": 549.690673828125,
    "angle": 535.1139526367188,
    "steps": 33,
    "speed": 0.009999999776482582
  }
}