{
  "settings": {"penDistance": 49.118751525878906},
  "circle2": {
    "r": 203.5132598876953,
    "innerCircle": true,
    "x": 329.0977783203125,
    "y": 473.00860595703125,
    "angle": 2070.08837890625,
    "steps": 38,
    "speed": 0.009999999776482582,
    "ratio": -0.2609400749206543
  },
  "circle0": {
    "r": 102.0565185546875,
    "innerCircle": true,
    "x": 450,
    "y": 450,
    "angle": 4817.50634765625,
    "steps": 178,
    "speed": 0.009999999776482582,
    "ratio": 1.8821797370910645
  },
  "circle1": {
    "r": 19.023387908935547,
    "innerCircle": true,
    "x": 510.4419250488281,
    "y": 506.93218994140625,
    "angle": 6620.302734375,
    "steps": 123,
    "speed": 0.009999999776482582,
    "ratio": 0.5534267425537109
  }
}