{
  "settings": {"penDistance": -6.08985710144043},
  "circle2": {
    "r": 94.23883819580078,
    "innerCircle": false,
    "x": 462.87261962890625,
    "y": 406.2236328125,
    "angle": 340.85614013671875,
    "steps": 47,
    "speed": 0.009999999776482582
  },
  "circle0": {
    "r": 138.45237731933594,
    "innerCircle": false,
    "x": 450,
    "y": 450,
    "angle": 520.4322509765625,
    "steps": 143,
    "speed": 0.009999999776482582
  },
  "circle1": {
    "r": 27.193904876708984,
    "innerCircle": false,
    "x": 462.06353759765625,
    "y": 284.7935791015625,
    "angle": 909.56396484375,
    "steps": 126,
    "speed": 0.009999999776482582
  }
}