{
  "settings": {"penDistance": 49.118751525878906},
  "circle2": {
    "r": 222.04400634765625,
    "innerCircle": false,
    "x": 715.436279296875,
    "y": 567.1573486328125,
    "angle": 2866.961181640625,
    "steps": 131,
    "speed": 0.009999999776482582,
    "ratio": 1.720670461654663
  },
  "circle0": {
    "r": 19.506654739379883,
    "innerCircle": true,
    "x": 450,
    "y": 450,
    "angle": 1972.045654296875,
    "steps": 180,
    "speed": 0.009999999776482582,
    "ratio": -1.097377061843872
  },
  "circle1": {
    "r": 100.0281982421875,
    "innerCircle": false,
    "x": 489.83624267578125,
    "y": 337.29840087890625,
    "angle": 2147.611083984375,
    "steps": 98,
    "speed": 0.009999999776482582,
    "ratio": -0.14393067359924316
  }
}