{
  "settings": {"penDistance": 49.118751525878906},
  "circle2": {
    "r": 98.80712127685547,
    "innerCircle": true,
    "x": 432.23187255859375,
    "y": 409.9655456542969,
    "angle": 716.5452880859375,
    "steps": 59,
    "speed": 0.009999999776482582,
    "ratio": -1.4743518829345703
  },
  "circle0": {
    "r": 59.805118560791016,
    "innerCircle": true,
    "x": 450,
    "y": 450,
    "angle": 89.68159484863281,
    "steps": 14,
    "speed": 0.009999999776482582,
    "ratio": 1.2355082035064697
  },
  "circle1": {
    "r": 102.23577117919922,
    "innerCircle": true,
    "x": 430.0074157714844,
    "y": 412.57464599609375,
    "angle": 2317.172607421875,
    "steps": 191,
    "speed": 0.009999999776482582,
    "ratio": -1.6210551261901855
  }
}