{
  "settings": {
    "penDistance": 86.22698974609375,
    "useSteps": false,
    "globalSpeed": 1,
    "circles": 3,
    "showPath": false,
    "showCircles": true
  },
  "circle2": {
    "r": 66,
    "innerCircle": true,
    "x": 277.6202087402344,
    "y": 535.524658203125,
    "angle": 21.824970245361328,
    "steps": 169,
    "speed": 0.009999999776482582,
    "ratio": 1.7290568351745605
  },
  "circle3": {
    "r": 22,
    "innerCircle": true,
    "x": 277.6202087402344,
    "y": 535.524658203125,
    "angle": 21.824970245361328,
    "steps": 169,
    "speed": 0.009999999776482582,
    "ratio": 1.7290568351745605
  },
  "circle0": {
    "r": 250,
    "innerCircle": false,
    "x": 450,
    "y": 450,
    "angle": 13.387085914611816,
    "steps": 22,
    "speed": 0.009999999776482582,
    "ratio": -1.3830757141113281
  },
  "circle1": {
    "r": 99,
    "innerCircle": true,
    "x": 335.6176452636719,
    "y": 537.7007446289062,
    "angle": 26.313095092773438,
    "steps": 190,
    "speed": 0.009999999776482582,
    "ratio": 0.5721044540405273
  }
}