{
  "settings": {"penDistance": 43.87191390991211, "circles":5,
  "useSteps": false,    
    "showPath": true,
    "showCircles": false
  },
  "circle2": {
    "r": 173.3574981689453,
    "innerCircle": false,
    "x": 385.46044921875,
    "y": 71.8743896484375,
    "angle": 4281.71044921875,
    "steps": 193,
    "speed": 0.009999999776482582,
    "ratio": 1.50665283203125
  },
  "circle3": {
    "r": 36.46913528442383,
    "innerCircle": true,
    "x": 492.8055419921875,
    "y": -13.069450378417969,
    "angle": 3910.2294921875,
    "steps": 173,
    "speed": 0.009999999776482582,
    "ratio": -0.47258758544921875
  },
  "circle0": {
    "r": 39.42051315307617,
    "innerCircle": false,
    "x": 450,
    "y": 450,
    "angle": 1182.0125732421875,
    "steps": 90,
    "speed": 0.009999999776482582,
    "ratio": -1.1302099227905273
  },
  "circle1": {
    "r": 85.72945404052734,
    "innerCircle": false,
    "x": 439.27825927734375,
    "y": 325.3101501464844,
    "angle": 2641.197509765625,
    "steps": 105,
    "speed": 0.009999999776482582,
    "ratio": -0.7119228839874268
  },
  "circle4": {
    "r": 165.6166229248047,
    "innerCircle": true,
    "x": 621.4918212890625,
    "y": -2.1642417907714844,
    "angle": 3035.7958984375,
    "steps": 126,
    "speed": 0.009999999776482582,
    "ratio": -1.5801877975463867
  }
}